{
    "joint_min": [-0.8, -0.034907, -0.8203, -0.8203, -3.141592653589793, -3.141592653589793, -3.141592653589793, -3.141592653589793, -3.141592653589793, -3.1416, -3.1416, -3.1416, -3.1416, -3.141592653589793, -3.141592653589793, -3.141592653589793, -3.141592653589793, -3.141592653589793, -3.1067, -2.0944, -3.1067, -2.5307, -3.1067, -1.0472, -1.5708, -3.141592653589793, -3.1067, -2.0944, -3.1067, -2.5307, -3.1067, -1.0472, -1.5708],
    "joint_max": [0.0, 0.90757, 0.8203, 0.8203, 3.141592653589793, 3.141592653589793, 3.141592653589793, 3.141592653589793, 3.141592653589793, 3.1416, 3.1416, 3.1416, 3.1416, 3.141592653589793, 3.141592653589793, 3.141592653589793, 3.141592653589793, 3.141592653589793, 3.1067, 2.0944, 3.1067, 1.0472, 3.1067, 1.0472, 1.5708, 3.141592653589793, 3.1067, 2.0944, 3.1067, 1.0472, 3.1067, 1.0472, 1.5708],
    "enable_joint": [
        0,
        1,
        26,
        27,
        28,
        29,
        30,
        31,
        32,
        18,
        19,
        20,
        21,
        22,
        23,
        24
    ],
    "joint_names": [
        "lifter_joint", "waist_joint", "neck_joint", "head_joint", "head_camera_joint", "right_front_fisheye_joint", "left_front_fisheye_joint", "right_behind_fisheye_joint", "left_behind_fisheye_joint", "left_front_rotate_wheel_joint", "left_front_drive_wheel_joint", "right_behind_rotate_wheel_joint", "right_behind_drive_wheel_joint", "top_laser_joint", "top_right_front_camera_joint", "top_left_front_camera_joint", "top_behind_camera_joint", "waist_link_to_Base_R", "right_shoulder_pan_joint", "right_shoulder_lift_joint", "right_elbow_1_joint", "right_elbow_2_joint", "right_wrist_1_joint", "right_wrist_2_joint", "right_wrist_3_joint", "waist_link_to_Base_L", "left_shoulder_pan_joint", "left_shoulder_lift_joint", "left_elbow_1_joint", "left_elbow_2_joint", "left_wrist_1_joint", "left_wrist_2_joint", "left_wrist_3_joint"
    ],
    "dh_params": {
        "body": [
            [0, 0, 0.8, 0, 2],
            [-1.5707, 0, 0, -1.57, 0]
        ],
        "left_hand": [
            [0.0, 0.0, 0.1746, 1.5707, 0],
            [1.5707, 0.0, 0.0, 0, 0],
            [-1.5707, 0.0, 0.287, 0, 0],
            [1.5707, 0.018, 0.0, 3.14159, 0],
            [1.5707, 0.018, 0.314, 3.14159, 0],
            [1.5707, 0.0, 0.0, 1.57, 0],
            [1.5707, 0.0, 0.0, 1.57, 0]
        ],
        "right_hand": [
            [3.14159, 0.0, 0.1746, -1.5707, 0],
            [1.5707, 0.0, 0.0, 0, 0],
            [-1.5707, 0.0, 0.287, 0, 0],
            [1.5707, 0.018, 0.0, 3.14159, 0],
            [1.5707, 0.018, 0.314, 3.14159, 0],
            [1.5707, 0.0, 0.0, 1.57, 0],
            [1.5707, 0.0, 0.0, 1.57, 0]
        ]
    },
    "init_offset": [[0.0,0.0,0.0,0.0,0.0,0.495], [0.0, 0.0, 0.0, 0.27894, 0.02349, 0.068], [0.0, 0.0, 0.0, 0.27894, 0.02349, -0.068]]
}